{
  "project_info": {
    "project_number": "1069589879406",
    "project_id": "gallurca-3ad2c",
    "storage_bucket": "gallurca-3ad2c.appspot.com"
  },
  "client": [
    {
      "client_info": {
        "mobilesdk_app_id": "1:1069589879406:android:d1cd95b483461a2dd4a47f",
        "android_client_info": {
          "package_name": "com.example.gallurca_the_remix"
        }
      },
      "oauth_client": [
        {
          "client_id": "1069589879406-m4t9eb6tp0bh3f2io72p4r4o8vdlf0mo.apps.googleusercontent.com",
          "client_type": 3
        }
      ],
      "api_key": [
        {
          "current_key": "AIzaSyBoWd5CxLcuEhNjan-E8FU51tuXkKhsnL8"
        }
      ],
      "services": {
        "appinvite_service": {
          "other_platform_oauth_client": [
            {
              "client_id": "1069589879406-m4t9eb6tp0bh3f2io72p4r4o8vdlf0mo.apps.googleusercontent.com",
              "client_type": 3
            }
          ]
        }
      }
    }
  ],
  "configuration_version": "1"
}